fpr,tpr
0.0,0.0
0.0,0.0002543881963876876
0.0006609385327164573,0.0002543881963876876
0.0006609385327164573,0.0005087763927753752
0.0009253139458030404,0.0005087763927753752
0.0009253139458030404,0.0007631645891630628
0.0010575016523463319,0.0010175527855507504
0.0018506278916060807,0.0010175527855507504
0.0018506278916060807,0.0012719409819384382
0.0019828155981493722,0.0012719409819384382
0.0019828155981493722,0.0015263291783261257
0.0026437541308658294,0.0015263291783261257
0.0026437541308658294,0.002035105571101501
0.003040317250495704,0.0022894937674891886
0.003040317250495704,0.0025438819638768763
0.0031725049570389954,0.0027982701602645636
0.0031725049570389954,0.0030526583566522513
0.0042300066093853275,0.0030526583566522513
0.0042300066093853275,0.0035614347494276268
0.004890945142101784,0.0035614347494276268
0.005816259087904825,0.003815822945815314
0.005816259087904825,0.004578987534978377
0.005948446794448116,0.004833375731366065
0.006080634500991408,0.004833375731366065
0.006080634500991408,0.0053421521241414395
0.006212822207534699,0.005596540320529127
0.006345009914077991,0.006105316713304503
0.006477197620621282,0.006105316713304503
0.006477197620621282,0.00635970490969219
0.006609385327164574,0.006614093106079878
0.006741573033707865,0.006614093106079878
0.006741573033707865,0.0071228694988552535
0.006873760740251157,0.0071228694988552535
0.00713813615333774,0.0071228694988552535
0.007534699272967614,0.0071228694988552535
0.0077990746860541965,0.00737725769524294
0.008195637805684072,0.00737725769524294
0.008195637805684072,0.007631645891630628
0.008460013218770655,0.007631645891630628
0.008592200925313946,0.007886034088018317
0.00885657633840053,0.007886034088018317
0.009120951751487113,0.008140422284406004
0.009253139458030404,0.008140422284406004
0.009385327164573694,0.008649198677181379
0.009517514871116985,0.008649198677181379
0.009517514871116985,0.009412363266344441
0.009781890284203568,0.009412363266344441
0.00991407799074686,0.009921139659119817
0.010046265697290151,0.010175527855507505
0.010310641110376734,0.010175527855507505
0.010575016523463317,0.010429916051895192
0.010971579643093192,0.010429916051895192
0.011103767349636483,0.010429916051895192
0.011103767349636483,0.010684304248282879
0.011368142762723066,0.010684304248282879
0.011368142762723066,0.010938692444670568
0.01163251817580965,0.011193080641058254
0.011764705882352941,0.011447468837445943
0.012029081295439524,0.011447468837445943
0.012029081295439524,0.01170185703383363
0.012690019828155982,0.01170185703383363
0.012690019828155982,0.012210633426609005
0.012822207534699273,0.012210633426609005
0.01335095836087244,0.012210633426609005
0.01348314606741573,0.012465021622996692
0.013615333773959022,0.012973798015772068
0.013747521480502314,0.012973798015772068
0.013879709187045605,0.013228186212159756
0.014011896893588897,0.013228186212159756
0.014144084600132188,0.013482574408547443
0.01427627230667548,0.013482574408547443
0.014540647719762063,0.013736962604935132
0.014672835426305354,0.013736962604935132
0.014937210839391937,0.013736962604935132
0.01520158625247852,0.013736962604935132
0.015333773959021812,0.013991350801322818
0.015598149372108393,0.013991350801322818
0.016391275611368144,0.013991350801322818
0.016523463317911435,0.013991350801322818
0.016655651024454727,0.014245738997710507
0.01678783873099802,0.014245738997710507
0.01692002643754131,0.014500127194098194
0.017184401850627893,0.014500127194098194
0.017448777263714476,0.014500127194098194
0.01771315267680106,0.014500127194098194
0.017977528089887642,0.014500127194098194
0.018109715796430934,0.01475451539048588
0.018109715796430934,0.01500890358687357
0.018241903502974225,0.01500890358687357
0.018506278916060808,0.01500890358687357
0.018770654329147388,0.015263291783261256
0.018770654329147388,0.015517679979648945
0.01890284203569068,0.015517679979648945
0.019431592861863845,0.015517679979648945
0.019695968274950428,0.015517679979648945
0.01982815598149372,0.015772068176036633
0.020092531394580303,0.015772068176036633
0.020092531394580303,0.01602645637242432
0.020356906807666886,0.01602645637242432
0.020489094514210177,0.01602645637242432
0.020885657633840052,0.016280844568812007
0.021150033046926635,0.016535232765199696
0.021414408460013218,0.016535232765199696
0.021414408460013218,0.01678962096158738
0.02154659616655651,0.01704400915797507
0.02154659616655651,0.017552785550750447
0.0216787838730998,0.017552785550750447
0.0216787838730998,0.01780717374713813
0.0216787838730998,0.01831595013991351
0.021943159286186384,0.01831595013991351
0.022075346992729675,0.018570338336301194
0.022207534699272967,0.018570338336301194
0.02233972240581626,0.018824726532688883
0.02260409781890284,0.01907911472907657
0.022868473231989424,0.01907911472907657
0.023000660938532716,0.01933350292546426
0.023132848645076007,0.01933350292546426
0.02339722405816259,0.01933350292546426
0.023661599471249174,0.019842279318239633
0.023925974884335757,0.019842279318239633
0.023925974884335757,0.02035105571101501
0.02419035029742234,0.02035105571101501
0.02432253800396563,0.02035105571101501
0.024454725710508923,0.020605443907402696
0.024586913417052214,0.021114220300178073
0.024586913417052214,0.021622996692953447
0.024851288830138797,0.021877384889341135
0.02498347653668209,0.021877384889341135
0.02524785194976867,0.022640549478504197
0.025512227362855255,0.022640549478504197
0.02590879048248513,0.022640549478504197
0.02604097818902842,0.022640549478504197
0.02604097818902842,0.02314932587127957
0.026305353602115004,0.02314932587127957
0.026437541308658295,0.02314932587127957
0.026437541308658295,0.02340371406766726
0.02670191672174488,0.02442126685321801
0.02670191672174488,0.0246756550496057
0.02683410442828817,0.0246756550496057
0.02696629213483146,0.024930043245993384
0.027362855254461336,0.025184431442381073
0.027495042961004627,0.02543881963876876
0.028023793787177793,0.02543881963876876
0.028155981493721085,0.02543881963876876
0.028420356906807668,0.02569320783515645
0.028816920026437542,0.026456372424319512
0.029213483146067417,0.026965148817094886
0.029477858559154,0.026965148817094886
0.02961004626569729,0.026965148817094886
0.029742233972240583,0.027473925209870263
0.029742233972240583,0.02772831340625795
0.029874421678783875,0.02772831340625795
0.030138797091870458,0.02772831340625795
0.030535360211500332,0.027982701602645637
0.030799735624586915,0.027982701602645637
0.030931923331130203,0.027982701602645637
0.031064111037673495,0.028237089799033326
0.031196298744216786,0.028237089799033326
0.03146067415730337,0.028237089799033326
0.03146067415730337,0.0287458661918087
0.03159286186384666,0.029254642584584076
0.031725049570389956,0.029254642584584076
0.03225380039656312,0.029254642584584076
0.03238598810310641,0.02950903078097176
0.03238598810310641,0.02976341897735945
0.03265036351619299,0.02976341897735945
0.032914738929279576,0.030272195370134827
0.03304692663582287,0.030272195370134827
0.03304692663582287,0.030526583566522512
0.033311302048909454,0.030526583566522512
0.033707865168539325,0.030526583566522512
0.03384005287508262,0.030526583566522512
0.034368803701255786,0.03103535995929789
0.034368803701255786,0.031289748155685575
0.034500991407799074,0.031289748155685575
0.03489755452742895,0.03154413635207327
0.03502974223397224,0.03230730094123633
0.035161929940515535,0.032561689137624014
0.03529411764705882,0.03357924192317476
0.035558493060145406,0.03357924192317476
0.035558493060145406,0.033833630119562454
0.0356906807666887,0.033833630119562454
0.03582286847323199,0.03408801831595014
0.03621943159286187,0.03408801831595014
0.03648380700594845,0.03408801831595014
0.03648380700594845,0.034596794708725516
0.03674818241903503,0.0348511829051132
0.037012557832121616,0.03535995929788858
0.03740912095175149,0.03561434749427626
0.03767349636483807,0.03561434749427626
0.03780568407138136,0.03561434749427626
0.038202247191011236,0.03561434749427626
0.0387309980171844,0.03561434749427626
0.03886318572372769,0.035868735690663955
0.039391936549900856,0.03612312388705164
0.039391936549900856,0.0368862884762147
0.039391936549900856,0.03714067667260239
0.03992068737607402,0.03714067667260239
0.04044943820224719,0.03714067667260239
0.04111037673496365,0.03739506486899008
0.04124256444150694,0.037649453065377765
0.04137475214805023,0.03815822945815314
0.04150693985459352,0.03815822945815314
0.041771315267680104,0.03815822945815314
0.04203569068076669,0.038921394047316205
0.04230006609385327,0.03993894683286695
0.042432253800396565,0.03993894683286695
0.04256444150693985,0.040193335029254644
0.04309319233311302,0.04044772322564233
0.0433575677461996,0.04044772322564233
0.0434897554527429,0.04070211142203002
0.04388631857237277,0.041465276011193083
0.044282881692002646,0.04171966420758077
0.044415069398545934,0.04171966420758077
0.04454725710508923,0.041974052403968454
0.04467944481163252,0.041974052403968454
0.04481163251817581,0.042228440600356146
0.0449438202247191,0.042228440600356146
0.04534038334434898,0.042228440600356146
0.04573694646397885,0.04248282879674383
0.04573694646397885,0.042737216993131516
0.04613350958360873,0.04324599338590689
0.04666226040978189,0.04324599338590689
0.046926635822868476,0.04350038158229458
0.047058823529411764,0.04350038158229458
0.04745538664904164,0.04426354617145765
0.04798413747521481,0.04426354617145765
0.048116325181758096,0.04451793436784533
0.04838070059484468,0.04451793436784533
0.04864507600793126,0.04502671076062071
0.04877726371447456,0.04553548715339608
0.048909451421017845,0.04578987534978377
0.04943820224719101,0.04629865174255914
0.04983476536682088,0.046553039938946834
0.05049570389953734,0.04680742813533452
0.050760079312623926,0.047061816331722205
0.050892267019167214,0.047061816331722205
0.05128883013879709,0.047824980920885274
0.05128883013879709,0.048333757313660644
0.051553205551883675,0.048333757313660644
0.051685393258426963,0.048588145510048336
0.051949768671513546,0.048588145510048336
0.05208195637805684,0.048588145510048336
0.052346331791143424,0.04884253370643602
0.05247851949768671,0.0493513100992114
0.05261070720423001,0.0493513100992114
0.05261070720423001,0.049605698295599084
0.05261070720423001,0.050368862884762146
0.05300727032385988,0.05062325108114984
0.053139458030403174,0.05062325108114984
0.05366820885657634,0.05087763927753752
0.05393258426966292,0.05087763927753752
0.054329147389292794,0.05087763927753752
0.05472571050892267,0.0513864156703129
0.05485789821546596,0.05189519206308827
0.055386649041639126,0.05214958025947596
0.05551883674818242,0.05240396845586365
0.056179775280898875,0.05316713304502671
0.05644415069398546,0.05316713304502671
0.05657633840052875,0.053421521241414395
0.056840713813615336,0.053421521241414395
0.05723727693324521,0.053421521241414395
0.058030403172504956,0.05393029763418977
0.05829477858559154,0.054184685830577464
0.05869134170522142,0.054947850419740527
0.058823529411764705,0.05520223861612821
0.05922009253139458,0.05520223861612821
0.059484467944481166,0.0554566268125159
0.05988103106411104,0.05621979140167896
0.06014540647719762,0.05621979140167896
0.061070720423000664,0.05621979140167896
0.06133509583608725,0.05621979140167896
0.06133509583608725,0.05647417959806665
0.06159947124917383,0.056728567794454336
0.062260409781890284,0.05723734418722971
0.06278916060806344,0.0574917323836174
0.06331791143423661,0.058000508776392776
0.0635822868473232,0.05825489697278046
0.06397884996695308,0.05876367336555584
0.06463978849966953,0.05876367336555584
0.0651685393258427,0.05901806156194352
0.06556510244547258,0.05901806156194352
0.06569729015201586,0.05901806156194352
0.06622604097818903,0.059781226151106585
0.06754791804362194,0.06029000254388196
0.06768010575016524,0.060544390740269655
0.06794448116325182,0.060544390740269655
0.0680766688697951,0.06079877893665734
0.06886979510905486,0.061053167133045025
0.06913417052214144,0.0615619435258204
0.06913417052214144,0.06207071991859578
0.0697951090548579,0.06257949631137115
0.06992729676140119,0.06257949631137115
0.07045604758757436,0.06257949631137115
0.07072042300066093,0.06257949631137115
0.0713813615333774,0.06283388450775884
0.07164573694646398,0.06283388450775884
0.07204230006609386,0.06334266090053421
0.07217448777263714,0.06334266090053421
0.07323198942498348,0.06486899007886034
0.07376074025115664,0.06486899007886034
0.07389292795769993,0.06537776647163572
0.07415730337078652,0.0656321546680234
0.07468605419695969,0.06588654286441109
0.07468605419695969,0.06614093106079878
0.07521480502313285,0.06639531925718646
0.07574355584930602,0.06639531925718646
0.0760079312623926,0.06639531925718646
0.07666886979510905,0.06664970745357415
0.07706543291473893,0.06715848384634952
0.07759418374091209,0.06741287204273722
0.07772637144745538,0.06741287204273722
0.07812293456708526,0.06766726023912491
0.07812293456708526,0.06843042482828797
0.07891606080634501,0.06893920122106334
0.07918043621943159,0.06944797761383872
0.07957699933906147,0.06944797761383872
0.07997356245869135,0.0699567540066141
0.08023793787177792,0.07021114220300179
0.08037012557832121,0.07122869498855253
0.08050231328486451,0.07122869498855253
0.0806345009914078,0.07148308318494022
0.08089887640449438,0.07224624777410328
0.08103106411103768,0.07250063597049097
0.08103106411103768,0.07300941236326634
0.08182419035029742,0.07326380055965404
0.08208856576338401,0.0737725769524294
0.08261731658955718,0.0737725769524294
0.08274950429610047,0.0737725769524294
0.08314606741573034,0.07428135334520478
0.08341044282881692,0.07479012973798016
0.08354263053536021,0.07479012973798016
0.08393919365499009,0.07529890613075553
0.08407138136153337,0.07529890613075553
0.08446794448116325,0.07529890613075553
0.0851288830138797,0.07529890613075553
0.0853932584269663,0.07631645891630628
0.08592200925313946,0.07733401170185704
0.0867151354923992,0.0780971762910201
0.08711169861202908,0.07835156448740778
0.08764044943820225,0.07835156448740778
0.08803701255783213,0.07860595268379547
0.08843357567746199,0.07911472907657084
0.08869795109054858,0.07911472907657084
0.08883013879709187,0.07936911727295853
0.08883013879709187,0.07962350546934623
0.08922670191672175,0.08038667005850929
0.08949107732980832,0.08064105825489697
0.08975545274289491,0.08114983464767235
0.09015201586252479,0.08114983464767235
0.09028420356906808,0.08165861104044772
0.09054857898215465,0.08165861104044772
0.09068076668869796,0.08191299923683541
0.09094514210178453,0.08191299923683541
0.09107732980832782,0.08191299923683541
0.09120951751487112,0.08267616382599847
0.09160608063450099,0.08267616382599847
0.09187045604758758,0.08318494021877385
0.09187045604758758,0.08343932841516154
0.09213483146067415,0.08369371661154923
0.09266358228684732,0.0842024930043246
0.09279576999339062,0.08445688120071229
0.0930601454064772,0.08547443398626303
0.09319233311302048,0.08547443398626303
0.09345670852610707,0.08598321037903842
0.09385327164573695,0.08598321037903842
0.09424983476536682,0.0862375985754261
0.09438202247191012,0.08649198677181379
0.09477858559153998,0.08674637496820148
0.09504296100462657,0.08700076316458916
0.09517514871116986,0.08750953955736454
0.09543952412425645,0.08750953955736454
0.09583608724388631,0.08776392775375223
0.09596827495042962,0.08801831595013991
0.09623265036351619,0.08801831595013991
0.09623265036351619,0.0882727041465276
0.09649702577660278,0.0885270923429153
0.09689358889623265,0.0885270923429153
0.09715796430931924,0.0885270923429153
0.09755452742894911,0.0885270923429153
0.09795109054857898,0.08903586873569067
0.09821546596166557,0.08929025693207836
0.09874421678783873,0.08954464512846604
0.0992729676140119,0.08954464512846604
0.09966953073364176,0.09005342152124142
0.09966953073364176,0.0903078097176291
0.10006609385327164,0.09081658611040448
0.10059484467944481,0.09081658611040448
0.1008592200925314,0.09107097430679216
0.1008592200925314,0.09132536250317985
0.1008592200925314,0.09183413889595522
0.10125578321216126,0.09208852709234291
0.10138797091870456,0.09208852709234291
0.10178453403833443,0.09259730348511828
0.10191672174487773,0.09310607987789367
0.1021810971579643,0.09310607987789367
0.1021810971579643,0.09361485627066904
0.10297422339722406,0.09361485627066904
0.10310641110376735,0.09386924446705673
0.10337078651685393,0.0943780208598321
0.10350297422339723,0.0943780208598321
0.10416391275611368,0.0946324090562198
0.10429610046265697,0.0946324090562198
0.10456047587574356,0.09488679725260749
0.10508922670191673,0.09564996184177055
0.10508922670191673,0.09615873823454592
0.10588235294117647,0.09615873823454592
0.10641110376734964,0.09615873823454592
0.10654329147389292,0.09641312643093361
0.10680766688697951,0.09666751462732129
0.10720423000660939,0.09666751462732129
0.10746860541969597,0.09692190282370898
0.10746860541969597,0.09793945560925973
0.10799735624586913,0.09819384380564741
0.10812954395241242,0.0984482320020351
0.10865829477858559,0.0987026201984228
0.10892267019167218,0.09895700839481048
0.10931923331130206,0.09946578478758586
0.10971579643093192,0.09946578478758586
0.10984798413747522,0.09972017298397354
0.11024454725710509,0.09997456118036123
0.11050892267019168,0.10022894937674892
0.11064111037673496,0.1004833375731366
0.11103767349636484,0.1004833375731366
0.11130204890945142,0.10099211396591198
0.1114342366159947,0.10124650216229968
0.1116986120290813,0.10150089035868735
0.11262392597488434,0.1027728313406258
0.1131526768010575,0.10379038412617654
0.1132848645076008,0.10429916051895192
0.11354923992068737,0.10429916051895192
0.11407799074686054,0.1045535487153396
0.11434236615994713,0.1045535487153396
0.11447455386649041,0.10506232510811499
0.11487111698612029,0.10506232510811499
0.11500330469266358,0.10557110150089036
0.11539986781229346,0.10557110150089036
0.11592861863846662,0.10557110150089036
0.1161929940515532,0.10582548969727805
0.1163251817580965,0.10582548969727805
0.11672174487772637,0.10633426609005342
0.11685393258426967,0.10684304248282879
0.11711830799735624,0.10735181887560417
0.11725049570389953,0.10760620707199187
0.1177792465300727,0.10811498346476724
0.11804362194315929,0.10836937166115493
0.11804362194315929,0.1086237598575426
0.11817580964970258,0.1088781480539303
0.11817580964970258,0.10938692444670567
0.11844018506278917,0.10964131264309336
0.11870456047587574,0.11015008903586873
0.1193654990085922,0.11015008903586873
0.1193654990085922,0.11065886542864412
0.11976206212822207,0.11116764182141949
0.12002643754130866,0.11116764182141949
0.12029081295439524,0.11142203001780718
0.12042300066093853,0.11167641821419486
0.12068737607402512,0.11167641821419486
0.1208195637805684,0.11243958280335792
0.12121612690019828,0.11320274739252098
0.12134831460674157,0.11320274739252098
0.12134831460674157,0.11345713558890867
0.12161269001982816,0.11371152378529636
0.12214144084600133,0.11422030017807173
0.12227362855254462,0.11523785296362249
0.12253800396563119,0.11523785296362249
0.12293456708526107,0.11549224116001018
0.12293456708526107,0.11625540574917324
0.12319894249834766,0.11650979394556092
0.12425644415069398,0.11650979394556092
0.12465300727032386,0.11727295853472398
0.12518175809649704,0.11727295853472398
0.1253139458030403,0.11778173492749937
0.1255783212161269,0.11803612312388705
0.12610707204230007,0.11829051132027474
0.12637144745538664,0.11829051132027474
0.12650363516192994,0.11879928771305011
0.12676801057501652,0.11930806410582549
0.1272967614011897,0.11956245230221317
0.12742894910773298,0.11956245230221317
0.12808988764044943,0.11981684049860086
0.12822207534699273,0.11981684049860086
0.1284864507600793,0.12007122869498855
0.1286186384666226,0.12032561689137625
0.12927957699933906,0.12108878148053931
0.12941176470588237,0.12108878148053931
0.12980832782551222,0.12134316967692699
0.13007270323859882,0.12210633426609005
0.1302048909451421,0.12236072246247774
0.13060145406477197,0.12261511065886543
0.13086582947785855,0.1231238870516408
0.13113020489094515,0.12414143983719156
0.13152676801057503,0.12439582803357924
0.13192333113020488,0.12439582803357924
0.13205551883674818,0.12439582803357924
0.13218770654329148,0.1251589926227423
0.13245208195637806,0.12541338081913
0.13271645736946464,0.12592215721190536
0.1331130204890945,0.12592215721190536
0.13324520819563782,0.12592215721190536
0.1336417713152677,0.12693970999745613
0.13390614672835427,0.12744848639023149
0.13430270984798415,0.12821165097939455
0.13456708526107072,0.12922920376494532
0.13469927296761403,0.12922920376494532
0.1348314606741573,0.12973798015772067
0.13536021150033048,0.12999236835410838
0.13575677461996036,0.13075553294327144
0.13602115003304693,0.13100992113965912
0.1364177131526768,0.13100992113965912
0.13694646397884996,0.1315186975324345
0.137871777924653,0.13202747392520986
0.13840052875082617,0.13279063851437292
0.13879709187045605,0.13279063851437292
0.13892927957699933,0.13304502671076063
0.13892927957699933,0.1332994149071483
0.13919365499008593,0.1332994149071483
0.14025115664243226,0.1332994149071483
0.14051553205551884,0.13355380310353598
0.14064771976206214,0.13431696769269905
0.14144084600132187,0.13482574408547443
0.14236615994712493,0.13482574408547443
0.1424983476536682,0.13482574408547443
0.14315928618638465,0.13482574408547443
0.1440846001321877,0.1355889086746375
0.1440846001321877,0.13584329687102517
0.1444811632518176,0.13635207326380056
0.14474553866490417,0.13660646146018826
0.14553866490416392,0.13711523785296362
0.14606741573033707,0.137624014245739
0.14619960343688038,0.13813279063851439
0.14633179114342365,0.13838717883490206
0.14699272967614013,0.13864156703128974
0.1472571050892267,0.13864156703128974
0.14844679444811631,0.13915034342406513
0.14871116986120292,0.1394047316204528
0.14871116986120292,0.1396591198168405
0.1489755452742895,0.14042228440600357
0.14950429610046265,0.14093106079877893
0.14976867151354925,0.141694225387942
0.1501652346331791,0.14220300178071738
0.1504296100462657,0.14322055456626812
0.15109054857898216,0.14322055456626812
0.1516192994051553,0.1437293309590435
0.15188367481824191,0.14423810735181888
0.15280898876404495,0.14423810735181888
0.15307336417713152,0.14474688374459424
0.1536021150033047,0.14474688374459424
0.15373430270984798,0.14500127194098195
0.15439524124256443,0.14500127194098195
0.1547918043621943,0.145764436530145
0.15518836748182419,0.14627321292292036
0.1553205551883675,0.14627321292292036
0.15611368142762724,0.14627321292292036
0.15637805684071382,0.14678198931569575
0.15703899537343027,0.1475451539048588
0.15743555849306015,0.1477995421012465
0.1579643093192333,0.14830831849402187
0.15836087243886318,0.14881709488679726
0.15888962326503636,0.14958025947596032
0.15902181097157964,0.15034342406512338
0.15955056179775282,0.15085220045789877
0.16021150033046927,0.15136097685067412
0.16047587574355585,0.15161536504706183
0.1611368142762723,0.15212414143983718
0.16179775280898875,0.1523785296362249
0.1624586913417052,0.15288730602900025
0.1629874421678784,0.15339608242177563
0.16391275611368142,0.15441363520732637
0.1643093192333113,0.15517679979648943
0.16497025776602775,0.1561943525820402
0.1656311962987442,0.15670312897481556
0.16668869795109054,0.15670312897481556
0.16708526107072041,0.15772068176036633
0.16774619960343687,0.15822945815314168
0.16801057501652347,0.1584838463495294
0.16840713813615335,0.15924701093869245
0.16933245208195638,0.15950139913508013
0.16999339061467283,0.1600101755278555
0.1703899537343027,0.1600101755278555
0.17105089226701917,0.1602645637242432
0.17131526768010574,0.16077334011701858
0.17184401850627892,0.16128211650979393
0.1721083939193655,0.16179089290256932
0.17276933245208195,0.16306283388450776
0.1735624586913417,0.16306283388450776
0.17369464639788498,0.16357161027728315
0.17435558493060146,0.16357161027728315
0.17488433575677462,0.1640803866700585
0.1751487111698612,0.1643347748664462
0.17567746199603437,0.16509793945560927
0.1766027759418374,0.16586110404477233
0.17739590218109716,0.16687865683032307
0.1780568407138136,0.16687865683032307
0.1785855915399868,0.16713304502671075
0.17898215465961664,0.16789620961587381
0.18003965631196298,0.16891376240142458
0.18070059484467946,0.16916815059781226
0.1810971579643093,0.16967692699058765
0.1816259087904825,0.17069447977613839
0.18202247191011237,0.17171203256168913
0.18215465961665564,0.17196642075807683
0.18255122273628552,0.1722208089544645
0.18321216126900197,0.1722208089544645
0.18400528750826173,0.17349274993640296
0.18493060145406479,0.1740015263291783
0.18532716457369464,0.1745103027219537
0.18572372769332451,0.17476469091834138
0.18678122934567085,0.17578224370389214
0.1875743555849306,0.17629102009666753
0.18810310641110375,0.17730857288221827
0.18836748182419036,0.17807173747138133
0.18876404494382024,0.17908929025693207
0.1894249834765367,0.17985245484609513
0.18995373430270984,0.18036123123887052
0.19021810971579642,0.18137878402442126
0.1906146728354263,0.18188756041719664
0.19153998678122935,0.1826507250063597
0.19167217448777263,0.18366827779191044
0.19286186384666226,0.1846858305774612
0.1937871777924653,0.18544899516662428
0.19484467944481162,0.18646654795217502
0.19643093192333114,0.18748410073772576
0.19682749504296101,0.18773848893411346
0.19775280898876405,0.18799287713050114
0.19814937210839392,0.18824726532688882
0.19907468605419695,0.18850165352327652
0.19947124917382683,0.1892648181124396
0.1998678122934567,0.18977359450521497
0.20052875082617316,0.19028237089799033
0.20092531394580304,0.1910455354871534
0.2014540647719762,0.19231747646909184
0.20224719101123595,0.1930806410582549
0.203172504957039,0.19358941745103028
0.2043621943159286,0.19358941745103028
0.2048909451421018,0.19435258204019334
0.20541969596827495,0.19537013482574409
0.2075346992729676,0.1968964640040702
0.2080634500991408,0.1974052403968456
0.20885657633840052,0.198677181378784
0.2092531394580304,0.19944034596794707
0.20991407799074685,0.20045789875349784
0.2108393919365499,0.20045789875349784
0.21163251817580964,0.20147545153904858
0.21229345670852612,0.2017298397354363
0.21321877065432915,0.20198422793182397
0.2138797091870456,0.20249300432459935
0.21427627230667548,0.20325616891376241
0.2152015862524785,0.20452810989570083
0.21599471249173827,0.2052912744848639
0.2169200264375413,0.20605443907402696
0.21797752808988763,0.20707199185957773
0.21824190350297423,0.2078351564487408
0.2189028420356907,0.20834393284151614
0.21956378056840714,0.2096158738234546
0.2202247191011236,0.2113965911981684
0.22088565763384005,0.21190536759094378
0.2215465961665565,0.21266853218010684
0.22194315928618638,0.21419486135843296
0.22313284864507602,0.21470363775120835
0.22419035029742235,0.2159755787331468
0.22511566424322538,0.2172475197150852
0.22643754130865829,0.21826507250063598
0.22709847984137474,0.21877384889341134
0.2280237937871778,0.22030017807173746
0.22815598149372107,0.2215721190536759
0.22894910773298083,0.22284406003561436
0.22974223397224058,0.2238616128211651
0.23053536021150034,0.22462477741032816
0.23146067415730337,0.22615110658865428
0.23304692663582288,0.22640549478504196
0.2338400528750826,0.2281862121597558
0.23463317911434237,0.22920376494530653
0.23621943159286185,0.22971254133808192
0.23727693324520818,0.23123887051640804
0.238995373430271,0.23225642330195878
0.23965631196298745,0.23327397608750955
0.24058162590879048,0.23352836428389723
0.2419035029742234,0.23454591706944797
0.24282881692002645,0.2363266344441618
0.24401850627891605,0.23785296362248792
0.245340383344349,0.2381073518188756
0.2465300727032386,0.23912490460442634
0.24758757435558493,0.2398880691935894
0.2481163251817581,0.24090562197914017
0.24864507600793126,0.2424319511574663
0.2498347653668209,0.24319511574662936
0.25049570389953735,0.2442126685321801
0.2510244547257105,0.24548460951411855
0.251685393258427,0.246756550496057
0.25313945803040316,0.24777410328160773
0.25551883674818243,0.2503179852454846
0.25710508922670194,0.2520987026201984
0.258030403172505,0.2526074790129738
0.2590879048248513,0.25387941999491226
0.2593522802379379,0.25489697278046297
0.2600132187706543,0.2561689137624014
0.2617316589557171,0.2569320783515645
0.26278916060806345,0.25769524294072754
0.26318572372769333,0.258967183922666
0.26477197620621284,0.26023912490460444
0.26556510244547255,0.26201984227931824
0.2667547918043622,0.2632917832612567
0.26781229345670854,0.2640549478504197
0.2690019828155982,0.2650725006359705
0.27045604758757436,0.2658356652251336
0.2712491738268341,0.2673619944034597
0.272571050892267,0.2691427117781735
0.27349636483807005,0.27041465276011195
0.27481824190350296,0.2729585347239888
0.27640449438202247,0.2737216993131519
0.27640449438202247,0.2755024166878657
0.2775941837409121,0.2767743576698041
0.27825512227362853,0.2772831340625795
0.27944481163251816,0.27855507504451793
0.2802379378717779,0.28008140422284405
0.28155981493721083,0.2810989570083948
0.28274950429610046,0.28186212159755786
0.2838070059484468,0.2828796743831086
0.28446794448116325,0.28364283897227166
0.2855254461335096,0.2838972271686594
0.2868473231989425,0.28466039175782243
0.2881692002643754,0.2859323327397609
0.28935888962326506,0.2872042737216993
0.29054857898215464,0.2882218265072501
0.29213483146067415,0.2889849910964131
0.29345670852610706,0.2894937674891885
0.2949107732980833,0.29025693207835157
0.2959682749504296,0.29127448486390234
0.2975545274289491,0.29280081404222846
0.29847984137475214,0.29407275502416685
0.2991407799074686,0.29483591961332994
0.3008592200925314,0.2950903078097176
0.3019167217448777,0.2968710251844314
0.30284203569068074,0.29814296616636987
0.3040317250495704,0.29865174255914523
0.30601454064771977,0.29916051895192064
0.3070720423000661,0.30068684813024676
0.30839391936549904,0.30323073009412366
0.30931923331130207,0.30424828287967437
0.3101123595505618,0.30501144746883746
0.3113020489094514,0.3062833884507759
0.3122273628552545,0.3075553294327143
0.31341705221414407,0.30857288221826507
0.3146067415730337,0.30933604680742816
0.31606080634500994,0.3108623759857543
0.3165895571711831,0.3123887051640804
0.31738268341044285,0.31289748155685576
0.31844018506278915,0.3134062579496311
0.32002643754130866,0.315186975324345
0.32108393919365497,0.31645891630628337
0.32240581625908793,0.3167133045026711
0.32333113020489096,0.3187484100737726
0.32465300727032387,0.3202747392520987
0.3255783212161269,0.3220554566268125
0.3272967614011897,0.3223098448232002
0.32795769993390617,0.3238361740015263
0.32941176470588235,0.32587127957262785
0.330601454064772,0.32688883235817856
0.3316589557171183,0.327397608750954
0.3332452081956378,0.32943271432205545
0.33430270984798416,0.33019587891121854
0.33549239920687374,0.33146781989315693
0.3364177131526768,0.33350292546425847
0.337871777924653,0.3342660900534215
0.33892927957699936,0.3345204782498092
0.34011896893588894,0.33579241923174763
0.3411764705882353,0.33808191299923684
0.34210178453403833,0.3393538539811753
0.34342366159947124,0.3401170185703383
0.34434897554527427,0.3411345713558891
0.34646397884996694,0.343678453319766
0.34738929279576997,0.34418722971254134
0.3479180436219432,0.3452047824980921
0.3492399206873761,0.3469854998728059
0.3501652346331791,0.3472398880691936
0.35109054857898214,0.34825744085474436
0.35294117647058826,0.35029254642584584
0.3536021150033047,0.3515644874077843
0.3545274289491077,0.3541083693716612
0.35637805684071383,0.35461714576443654
0.35743555849306013,0.35538031035359957
0.35902181097157965,0.3569066395319257
0.3596827495042961,0.35817858051386414
0.36179775280898874,0.36072246247774103
0.363251817580965,0.3617400152632918
0.3637805684071381,0.3630119562452302
0.36497025776602776,0.36428389722716864
0.36642432253800394,0.3653014500127194
0.3674818241903503,0.36657339099465786
0.36867151354923994,0.3670821673874332
0.36999339061467285,0.36860849656575934
0.3718440185062789,0.36911727295853475
0.3722405816259088,0.37013482574408546
0.37290152015862527,0.37115237852963623
0.3738268341044283,0.372169931315187
0.3754130865829478,0.37445942508267616
0.37594183740912096,0.37624014245738996
0.3775280898876405,0.37700330704655305
0.37911434236615993,0.3780208598321038
0.38043621943159284,0.37903841261765453
0.3814937210839392,0.3800559654032053
0.3824190350297422,0.3820910709743068
0.38334434897554526,0.3838717883490206
0.38493060145406477,0.3853981175273467
0.38598810310641113,0.3861612821165098
0.3878387309980172,0.38717883490206056
0.3898215465961666,0.3887051640803867
0.39127561136814276,0.38997710506232514
0.3928618638466623,0.3904858814551005
0.3937871777924653,0.39175782243703894
0.39590218109715797,0.3920122106334266
0.396827495042961,0.3943017044009158
0.3988103106411104,0.39709997456118035
0.4,0.39786313915034344
0.40092531394580305,0.39964385652505724
0.4017184401850628,0.4001526329178326
0.40251156642432256,0.40117018570338336
0.4044943820224719,0.4019333502925464
0.40555188367481826,0.40396845586364794
0.40660938532716456,0.40473162045281097
0.40727032385988104,0.40574917323836174
0.40859220092531395,0.4067667260239125
0.41057501652346334,0.40752989061307554
0.41189689358889625,0.40829305520223863
0.4134831460674157,0.4103281607733401
0.41427627230667546,0.412872042737217
0.415862524785195,0.41338081912999236
0.4183740912095175,0.41439837191554313
0.4200925313945803,0.41541592470109384
0.42128222075346994,0.4164334774866446
0.4218109715796431,0.4174510302721954
0.4232650363516193,0.4189773594505215
0.42458691341705224,0.4207580768252353
0.42551222736285527,0.4217756296107861
0.4267019167217449,0.4230475705927245
0.42855254461335096,0.42381073518188755
0.42921348314606744,0.4248282879674383
0.430403172504957,0.4253370643602137
0.4313284864507601,0.42635461714576445
0.43291473892927956,0.4286441109132536
0.4338400528750826,0.42991605189519205
0.4350297422339722,0.43220554566268127
0.4355584930601454,0.4337318748410074
0.43688037012557834,0.43424065123378275
0.43767349636483804,0.4352582040193335
0.43925974884335756,0.43602136860849655
0.4400528750826173,0.437293309590435
0.4407138136153338,0.43856525057237344
0.4420356906807667,0.4398371915543119
0.44388631857237276,0.44110913253625034
0.4457369464639788,0.44212668532180105
0.4465300727032386,0.4431442381073518
0.4481163251817581,0.4439074026965149
0.45023132848645075,0.44543373187484103
0.4511566424322538,0.44696006105316716
0.45221414408460014,0.44874077842788096
0.4541969596827495,0.4492495548206563
0.45485789821546596,0.45077588399898244
0.45631196298744214,0.45255660137369624
0.4576338400528751,0.45408293055202237
0.458955717118308,0.4545917069447978
0.45988103106411105,0.4556092597303485
0.4610707204230007,0.45764436530145003
0.46252478519497686,0.4589163062833885
0.46384666226040977,0.45917069447977615
0.4651685393258427,0.4596794708725515
0.4663582286847323,0.46095141185448996
0.4679444811632518,0.4622233528364284
0.46900198281559813,0.46349529381836685
0.46953073364177134,0.46553039938946833
0.4711169861202908,0.46705672856779445
0.47257105089226703,0.4680742813533452
0.47349636483807006,0.46960061053167135
0.475743555849306,0.4703637751208344
0.4764044943820225,0.47138132790638515
0.47719762062128224,0.4721444924955482
0.47851949768671515,0.47316204528109895
0.47984137475214805,0.4744339862630374
0.48155981493721084,0.4746883744594251
0.48288169200264375,0.47723225642330197
0.4838070059484468,0.4777410328160773
0.4847323198942498,0.4787585856016281
0.48578982154659617,0.4805393029763419
0.48645076007931265,0.48155685576189267
0.48790482485128883,0.4823200203510557
0.4886979510905486,0.48333757313660647
0.48949107732980834,0.4848639023149326
0.4913417052214144,0.4868990078860341
0.49187045604758756,0.4899516662426863
0.4926635822868473,0.49147799542101245
0.49385327164573695,0.4924955482065632
0.49517514871116985,0.494276265581277
0.4959682749504296,0.49554820656321547
0.49847984137475215,0.49834647672348004
0.49980171844018506,0.4986008649198677
0.5009914077990747,0.5003815822945815
0.5023132848645075,0.50165352327652
0.5036351619299405,0.5026710760620707
0.5048248512888301,0.5039430170440091
0.5061467283542631,0.505723734418723
0.5068076668869795,0.5075044517934368
0.5078651685393258,0.5095395573645383
0.509319233311302,0.5110658865428644
0.5105089226701917,0.5123378275248028
0.511566424322538,0.5128466039175782
0.512491738268341,0.514627321292292
0.5134170522141441,0.5161536504706181
0.513813615333774,0.5166624268633936
0.5155320555188367,0.5171712032561689
0.5168539325842697,0.5197150852200458
0.5184401850627892,0.5204782498092089
0.5202908129543953,0.5214958025947596
0.521083939193655,0.5222589671839226
0.5218770654329148,0.5242940727550242
0.5228023793787178,0.5263291783261257
0.5238598810310641,0.5273467311116764
0.5258426966292135,0.5288730602900026
0.5278255122273628,0.5298906130755533
0.5296761401189689,0.5311625540574917
0.5311302048909451,0.5329432714322055
0.5317911434236616,0.5334520478249809
0.5321877065432915,0.5342152124141439
0.5329808327825513,0.5357415415924701
0.5341705221414409,0.5365047061816332
0.5358889623265036,0.5377766471635717
0.53654990085922,0.5393029763418977
0.5377395902181097,0.5408293055202239
0.5385327164573694,0.5421012465021623
0.5397224058162591,0.543118799287713
0.5407799074686054,0.5446451284660392
0.541969596827495,0.5451539048588145
0.5436880370125579,0.5476977868226914
0.544216787838731,0.5487153396082421
0.5459352280237938,0.5502416687865683
0.5472571050892266,0.5510048333757314
0.5489755452742895,0.5520223861612821
0.5499008592200926,0.5543118799287713
0.5508261731658955,0.555329432714322
0.5518836748182419,0.5560925973034851
0.5536021150033047,0.5583820910709743
0.554659616655651,0.5614347494276266
0.5558493060145406,0.562706690409565
0.5573033707865168,0.5637242431951157
0.5586252478519498,0.5655049605698296
0.5596827495042961,0.5665225133553803
0.5603436880370125,0.5688120071228695
0.5615333773959021,0.5690663953192572
0.5623265036351619,0.5698295599084202
0.5640449438202247,0.5711015008903587
0.5649702577660277,0.5726278300686848
0.5658955717118308,0.5733909946578479
0.567349636483807,0.5759348766217247
0.5680105750165234,0.5764436530145002
0.569200264375413,0.5777155939964386
0.5703899537343027,0.5794963113711524
0.5714474553866491,0.5817858051386415
0.5723727693324521,0.5822945815314169
0.5739590218109716,0.5833121343169677
0.5754130865829478,0.5850928516916815
0.5763384005287508,0.5873823454591707
0.576867151354924,0.5881455100483337
0.5780568407138136,0.5886542864411092
0.5792465300727032,0.5899262274230476
0.5809649702577661,0.5906893920122106
0.5817580964970258,0.5917069447977614
0.5826834104428288,0.5939964385652505
0.584137475214805,0.5950139913508014
0.5851949768671514,0.5960315441363521
0.5862524785194977,0.5975578733146782
0.5874421678783873,0.5988298142966166
0.5882352941176471,0.6013736962604935
0.5899537343027098,0.6018824726532689
0.5910112359550562,0.6029000254388196
0.5924653007270324,0.6039175782243704
0.5939193654990086,0.6054439074026965
0.5952412425644416,0.6064614601882473
0.5960343688037013,0.6069702365810227
0.5972240581625908,0.6084965657593487
0.597752808988764,0.6090053421521241
0.5992068737607402,0.6100228949376749
0.6006609385327164,0.6112948359196133
0.6021150033046927,0.6128211650979395
0.603172504957039,0.6140931060798779
0.6042300066093853,0.6151106588654286
0.6054196959682749,0.6163825998473671
0.606345009914078,0.6174001526329178
0.6076668869795109,0.6184177054184686
0.6092531394580304,0.6194352582040193
0.6103106411103767,0.6214703637751209
0.6122934567085261,0.6227423047570593
0.6129543952412425,0.62375985754261
0.6144084600132188,0.6257949631137115
0.6153337739590218,0.6275756804884254
0.6163912756113682,0.6288476214703638
0.6173165895571712,0.6298651742559145
0.6181097157964309,0.6313915034342407
0.6192994051553206,0.6321546680234037
0.6208856576338401,0.6329178326125667
0.6215465961665565,0.6346985499872806
0.6228684732319895,0.635207326380056
0.6243225380039656,0.635970490969219
0.6255122273628553,0.6374968201475452
0.6269662921348315,0.6377512083439328
0.6280237937871778,0.6390231493258712
0.6289491077329808,0.6402950903078097
0.6301387970918705,0.6413126430933604
0.6309319233311302,0.6428389722716866
0.6318572372769332,0.6446196896464004
0.6330469266358228,0.6453828542355635
0.6352941176470588,0.6461460188247266
0.6363516192994052,0.6471635716102773
0.6375413086582947,0.6499618417705418
0.6392597488433576,0.6507250063597049
0.6403172504957039,0.6519969473416434
0.6408460013218771,0.6532688883235818
0.6421678783873099,0.6542864411091326
0.6436219431592862,0.655558382091071
0.6452081956378057,0.6565759348766217
0.6465300727032386,0.6581022640549479
0.6474553866490417,0.6598829814296616
0.6482485128883014,0.6614093106079878
0.6490416391275612,0.6616636988043755
0.6512888301387971,0.6629356397863139
0.6522141440846001,0.6642075807682524
0.6532716457369465,0.6652251335538031
0.654461335095836,0.6659882981429661
0.6548578982154659,0.6662426863393539
0.6564441506939854,0.6675146273212923
0.6576338400528751,0.668532180106843
0.6585591539986781,0.6692953446960062
0.6596166556510245,0.6710760620707199
0.661202908129544,0.6718392266598829
0.6629213483146067,0.6731111676418214
0.6642432253800397,0.6741287204273722
0.6656972901520158,0.6754006614093107
0.6672835426305354,0.6756550496056983
0.6683410442828817,0.676672602391249
0.669795109054858,0.6771813787840244
0.6717779246530072,0.6787077079623506
0.6728354263053536,0.6794708725515136
0.6733641771315267,0.6817603663190028
0.6748182419035029,0.6835410836937166
0.6761401189689359,0.6837954718901043
0.6775941837409121,0.6850674128720428
0.6786516853932584,0.6858305774612058
0.6801057501652347,0.6871025184431442
0.6807666886979511,0.6886288476214704
0.6818241903502974,0.6891376240142457
0.6826173165895572,0.6916815059781226
0.6832782551222736,0.6932078351564488
0.6844679444811632,0.6944797761383872
0.6855254461335096,0.6957517171203256
0.6863185723727694,0.696260493513101
0.6876404494382022,0.6965148817094887
0.6885657633840053,0.6975324344950394
0.6896232650363516,0.6988043754769778
0.6909451421017845,0.6998219282625286
0.6921348314606741,0.7018570338336301
0.6933245208195637,0.7026201984227932
0.6946463978849967,0.7046553039938946
0.695703899537343,0.7054184685830578
0.6964970257766028,0.7059272449758331
0.6972901520158625,0.7066904095649962
0.6980832782551223,0.7082167387433224
0.6984798413747522,0.7092342915288731
0.6990085922009253,0.7097430679216484
0.7003304692663582,0.7102518443144238
0.7012557832121613,0.7110150089035868
0.7024454725710509,0.7130501144746884
0.7031064111037674,0.7140676672602391
0.7045604758757436,0.7143220554566269
0.7056179775280899,0.7155939964385652
0.707072042300066,0.716611549224116
0.7081295439524125,0.7176291020096668
0.7093192333113021,0.7183922665988298
0.7103767349636484,0.7194098193843805
0.7113020489094514,0.720681760366319
0.7126239259748843,0.7219537013482574
0.7136814276272306,0.7227168659374205
0.7148711169861203,0.7237344187229713
0.7159286186384666,0.724751971508522
0.7168539325842697,0.725515136097685
0.717911434236616,0.7267870770796235
0.7187045604758757,0.7280590180615619
0.7196298744216788,0.728822182650725
0.7212161269001983,0.7295853472398881
0.7222736285525446,0.7308572882218265
0.722934567085261,0.7316204528109895
0.7231989424983477,0.7334011701857034
0.724256444150694,0.7349274993640295
0.7253139458030403,0.7372169931315187
0.7263714474553866,0.7382345459170695
0.7275611368142763,0.7392520987026202
0.7286186384666226,0.7407784278809463
0.7294117647058823,0.7417959806664971
0.7309980171844018,0.7425591452556601
0.7320555188367481,0.7428135334520478
0.7329808327825512,0.744339862630374
0.7340383344348975,0.7448486390231494
0.7345670852610707,0.7458661918087001
0.7353602115003305,0.7476469091834139
0.7361533377395902,0.7486644619689646
0.7376074025115664,0.7494276265581277
0.7387970918704561,0.7504451793436785
0.7394580304031725,0.7514627321292292
0.7405155320555188,0.7527346731111676
0.7411764705882353,0.7542610022894938
0.7419695968274951,0.7552785550750445
0.7438202247191011,0.7583312134316967
0.7447455386649041,0.7601119308064106
0.7461996034368804,0.7611294835919613
0.74738929279577,0.7626558127702875
0.7484467944481163,0.7634189773594505
0.7493721083939193,0.7644365301450012
0.7504296100462657,0.7649453065377766
0.7517514871116986,0.7657084711269397
0.7525446133509583,0.7664716357161028
0.7532055518836748,0.7674891885016535
0.7541308658294779,0.7692699058763673
0.7547918043621943,0.7705418468583057
0.7563780568407138,0.7705418468583057
0.7570389953734302,0.7707962350546934
0.7582286847323199,0.7715593996438566
0.7584930601454065,0.7723225642330196
0.7595505617977528,0.7733401170185703
0.7602115003304692,0.7746120580005088
0.7615333773959022,0.7758839989824472
0.762326503635162,0.7779191045535487
0.7629874421678784,0.7786822691427118
0.7640449438202247,0.7791910455354871
0.7645736946463979,0.7807173747138133
0.7654990085922009,0.7814805393029763
0.7658955717118308,0.7822437038921394
0.7666886979510905,0.7842788094632409
0.7674818241903503,0.7847875858560163
0.7681427627230668,0.7852963622487916
0.7693324520819563,0.7865683032307301
0.7701255783212161,0.7873314678198932
0.7707865168539326,0.7886034088018316
0.7726371447455387,0.78987534978377
0.7735624586913417,0.7908929025693208
0.7747521480502313,0.7914016789620961
0.7760740251156643,0.7919104553548715
0.7764705882352941,0.792419231747647
0.776867151354924,0.79318239633681
0.7775280898876404,0.793945560925973
0.7784534038334435,0.7944543373187484
0.7793787177792465,0.7954718901042992
0.7801718440185063,0.7957262783006869
0.7804362194315929,0.7975069956754006
0.7812293456708526,0.7985245484609514
0.7818902842035691,0.7995421012465022
0.7824190350297422,0.8003052658356652
0.7837409120951752,0.8010684304248283
0.7849306014540648,0.8018315950139914
0.7855915399867812,0.8023403714067667
0.7862524785194976,0.8031035359959298
0.7869134170522142,0.8046298651742559
0.7874421678783873,0.8051386415670313
0.7884996695307337,0.805393029763419
0.7894249834765367,0.8056474179598067
0.7900859220092531,0.8064105825489697
0.7910112359550562,0.8069193589417452
0.7918043621943159,0.8079369117272959
0.7931262392597488,0.8087000763164589
0.7933906146728354,0.8102264054947851
0.7947124917382683,0.8102264054947851
0.7959021810971579,0.8112439582803358
0.7964309319233311,0.8120071228694988
0.7966953073364177,0.8125158992622742
0.7974884335756774,0.8140422284406004
0.7982815598149372,0.8150597812261511
0.7985459352280238,0.8163317222080896
0.7996034368803702,0.8163317222080896
0.8002643754130866,0.8170948867972526
0.800925313945803,0.817603663190028
0.8010575016523463,0.8193843805647418
0.8018506278916061,0.8196387687611295
0.8034368803701256,0.8211650979394556
0.804097818902842,0.8226914271177818
0.8046265697290153,0.8237089799033325
0.8064771976206213,0.8247265326888832
0.8071381361533377,0.8247265326888832
0.8075346992729676,0.825744085474434
0.8084600132187707,0.8259984736708217
0.809517514871117,0.8270160264563724
0.8099140779907469,0.8280335792419232
0.8108393919365499,0.8290511320274739
0.8122934567085262,0.829814296616637
0.8129543952412426,0.8305774612058
0.813615333773959,0.8310862375985755
0.8142762723066754,0.8323581785805139
0.8155981493721084,0.8331213431696769
0.8165234633179115,0.8336301195624523
0.8169200264375414,0.8343932841516154
0.817713152676801,0.8351564487407784
0.8186384666226041,0.8356652251335538
0.819035029742234,0.8364283897227168
0.8191672174487773,0.8374459425082676
0.819960343688037,0.8377003307046553
0.8204890945142101,0.8382091070974307
0.8212822207534699,0.8392266598829814
0.8219431592861863,0.8399898244721445
0.8226040978189029,0.8402442126685322
0.8226040978189029,0.8407529890613076
0.824058162590879,0.8410073772576953
0.8244547257105089,0.8425337064360213
0.825380039656312,0.8432968710251845
0.8261731658955717,0.8438056474179598
0.8264375413086583,0.8453319765962859
0.8272306675479181,0.8455863647926736
0.827627230667548,0.846095141185449
0.8285525446133509,0.8466039175782244
0.8289491077329808,0.8473670821673874
0.8298744216787839,0.8473670821673874
0.8307997356245869,0.8481302467565505
0.8318572372769333,0.8491477995421013
0.8319894249834765,0.8491477995421013
0.8325181758096497,0.8491477995421013
0.8337078651685393,0.850165352327652
0.8343688037012558,0.8506741287204274
0.8347653668208856,0.850928516916815
0.8351619299405155,0.8514372933095904
0.8359550561797753,0.8522004578987535
0.8370125578321216,0.8532180106843043
0.8375413086582948,0.8534723988806919
0.838070059484468,0.854235563469855
0.8387309980171844,0.854235563469855
0.8395241242564442,0.8544899516662426
0.8399206873760741,0.8547443398626303
0.8405816259087905,0.8552531162554058
0.840846001321877,0.8557618926481811
0.8413747521480502,0.8572882218265072
0.8416391275611368,0.858305774612058
0.8423000660938532,0.8590689392012211
0.8432253800396563,0.8595777155939964
0.8433575677461996,0.8603408801831595
0.8441506939854594,0.8613584329687103
0.8446794448116325,0.8618672093614856
0.8449438202247191,0.8626303739506487
0.8454725710508922,0.8628847621470364
0.8458691341705221,0.8628847621470364
0.8467944481163252,0.863139150343424
0.8474553866490416,0.8639023149325872
0.8481163251817581,0.8649198677181379
0.8489094514210178,0.8661918087000763
0.8497025776602776,0.8667005850928516
0.8503635161929941,0.8669549732892394
0.8508922670191672,0.8674637496820148
0.8523463317911434,0.8677181378784025
0.8523463317911434,0.8684813024675655
0.85261070720423,0.8692444670567285
0.8531394580304031,0.8697532434495039
0.853536021150033,0.8712795726278301
0.8539325842696629,0.8720427372169931
0.8549900859220092,0.8720427372169931
0.855783212161269,0.8722971254133808
0.856708526107072,0.8725515136097685
0.8571050892267019,0.8730602900025439
0.8577660277594183,0.8743322309844823
0.8585591539986781,0.875349783770033
0.8593522802379379,0.8761129483591962
0.8598810310641111,0.8761129483591962
0.860277594183741,0.8766217247519715
0.860277594183741,0.8768761129483592
0.8610707204230007,0.8784024421266853
0.8615994712491738,0.8789112185194607
0.862128222075347,0.8801831595013991
0.8623925974884336,0.8806919358941745
0.8627891606080634,0.8812007122869498
0.8635822868473232,0.8817094886797252
0.8646397884996695,0.8832358178580514
0.8655651024454726,0.8839989824472144
0.8660938532716458,0.8850165352327652
0.8667547918043622,0.886034088018316
0.8678122934567085,0.886797252607479
0.8680766688697951,0.886797252607479
0.8687376074025116,0.887560417196642
0.8691341705221415,0.8878148053930298
0.8692663582286847,0.8883235817858052
0.8695307336417714,0.8885779699821929
0.8703238598810311,0.8890867463749682
0.8711169861202908,0.8893411345713559
0.8717779246530073,0.8898499109641312
0.8727032385988103,0.8903586873569066
0.8730998017184401,0.8908674637496821
0.8736285525446134,0.8911218519460697
0.8738929279576999,0.8916306283388451
0.8749504296100463,0.8918850165352328
0.8756113681427627,0.8923937929280081
0.8758757435558493,0.8923937929280081
0.8764044943820225,0.8931569575171712
0.8769332452081956,0.8931569575171712
0.8774619960343688,0.8934113457135588
0.8777263714474554,0.8939201221063343
0.8783873099801719,0.894174510302722
0.878916060806345,0.8944288984991097
0.8797091870456047,0.8954464512846604
0.880766688697951,0.8959552276774357
0.8811632518175809,0.8959552276774357
0.8822207534699273,0.8962096158738234
0.8828816920026438,0.8967183922665989
0.8834104428288169,0.8967183922665989
0.8839391936549901,0.8979903332485373
0.8844679444811633,0.8984991096413126
0.8849966953073364,0.8987534978377003
0.8857898215465961,0.8992622742304757
0.886186384666226,0.8992622742304757
0.8864507600793127,0.8995166624268633
0.8868473231989425,0.8997710506232511
0.8873760740251156,0.9002798270160265
0.8881692002643754,0.9010429916051895
0.888433575677462,0.9012973798015772
0.8888301387970918,0.9020605443907402
0.8890945142101785,0.9030780971762911
0.889358889623265,0.9038412617654541
0.8898876404494382,0.9046044263546171
0.8901520158625248,0.9051132027473925
0.8905485789821547,0.9056219791401678
0.8909451421017845,0.9056219791401678
0.891606080634501,0.9061307555329433
0.8917382683410443,0.9068939201221063
0.8918704560475875,0.9074026965148817
0.8921348314606742,0.9074026965148817
0.8930601454064772,0.9079114729076571
0.8931923331130205,0.9079114729076571
0.8939854593522802,0.9084202493004324
0.8943820224719101,0.9091834138895956
0.8949107732980833,0.9091834138895956
0.8950429610046265,0.9099465784787586
0.8954395241242564,0.9099465784787586
0.895703899537343,0.9107097430679216
0.8959682749504296,0.911218519460697
0.8963648380700595,0.911218519460697
0.8966292134831461,0.911218519460697
0.8971579643093193,0.9122360722462478
0.8974223397224058,0.9127448486390232
0.8987442167878388,0.9132536250317985
0.8998017184401851,0.9137624014245739
0.9005948446794448,0.9145255660137369
0.9012557832121613,0.9157975069956754
0.9013879709187046,0.9157975069956754
0.902048909451421,0.9168150597812261
0.9025776602775942,0.9170694479776138
0.9028420356906808,0.917832612566777
0.9031064111037673,0.9188501653523277
0.9036351619299405,0.9188501653523277
0.9041639127561136,0.919358941745103
0.904296100462657,0.9198677181378784
0.9050892267019167,0.920122106334266
0.9053536021150033,0.9203764945306537
0.9058823529411765,0.9219028237089799
0.9065432914738929,0.9224116001017553
0.9068076668869796,0.9224116001017553
0.9072042300066094,0.923429152887306
0.9077329808327825,0.9236835410836938
0.9078651685393259,0.9241923174764691
0.9085261070720423,0.9244467056728568
0.9086582947785856,0.9247010938692445
0.9091870456047587,0.9252098702620198
0.9097157964309319,0.9257186466547952
0.9101123595505618,0.9262274230475706
0.910641110376735,0.9264818112439582
0.9111698612029081,0.9272449758331214
0.9119629874421679,0.9280081404222844
0.9119629874421679,0.9282625286186721
0.9127561136814276,0.9282625286186721
0.9132848645076008,0.9282625286186721
0.9136814276272307,0.9285169168150598
0.9138136153337739,0.9295344696006105
0.9140779907468606,0.9302976341897736
0.9150033046926636,0.9305520223861613
0.9153998678122934,0.9310607987789367
0.9159286186384666,0.9310607987789367
0.9160608063450099,0.931569575171712
0.916986120290813,0.9320783515644874
0.917911434236616,0.9320783515644874
0.9181758096497026,0.932332739760875
0.9185723727693325,0.932332739760875
0.9189689358889623,0.9325871279572627
0.9198942498347654,0.9325871279572627
0.9202908129543952,0.9330959043500382
0.9205551883674818,0.9333502925464259
0.9206873760740251,0.9336046807428136
0.9209517514871117,0.9343678453319766
0.9214805023132848,0.9346222335283643
0.9218770654329147,0.9351310099211396
0.9226701916721745,0.9353853981175273
0.9231989424983477,0.9356397863139151
0.9237276933245209,0.9364029509030781
0.9237276933245209,0.9369117272958535
0.9243886318572373,0.9371661154922412
0.9246530072703238,0.9371661154922412
0.9247851949768672,0.9376748918850165
0.9250495703899537,0.9376748918850165
0.9254461335095836,0.9379292800814042
0.9259748843357568,0.9379292800814042
0.9265036351619299,0.9384380564741795
0.9272967614011897,0.9384380564741795
0.9279576999339062,0.9394556092597304
0.9286186384666226,0.9394556092597304
0.9296761401189689,0.9399643856525057
0.9299405155320555,0.9402187738488934
0.9303370786516854,0.9402187738488934
0.9308658294778586,0.9404731620452811
0.9309980171844019,0.9404731620452811
0.9312623925974884,0.9404731620452811
0.9312623925974884,0.9409819384380564
0.9316589557171183,0.9409819384380564
0.9323198942498347,0.9414907148308318
0.9327164573694646,0.9422538794199949
0.9329808327825512,0.9422538794199949
0.9339061467283543,0.9425082676163826
0.9341705221414408,0.9425082676163826
0.934699272967614,0.9432714322055457
0.9349636483807006,0.9435258204019333
0.9356245869134171,0.944543373187484
0.9358889623265036,0.9447977613838718
0.9362855254461335,0.9450521495802595
0.9364177131526769,0.9458153141694225
0.9368142762723066,0.9458153141694225
0.9370786516853933,0.9460697023658102
0.937871777924653,0.9460697023658102
0.9380039656311963,0.9473416433477486
0.9384005287508261,0.9475960315441363
0.9386649041639128,0.9478504197405241
0.9393258426966292,0.9481048079369118
0.9397224058162591,0.9486135843296871
0.9399867812293456,0.9493767489188502
0.9399867812293456,0.9496311371152378
0.9403833443489755,0.9501399135080132
0.9409120951751487,0.9501399135080132
0.941044282881692,0.9501399135080132
0.9415730337078652,0.9501399135080132
0.9415730337078652,0.9503943017044009
0.9418374091209517,0.9503943017044009
0.9421017845340384,0.9503943017044009
0.9421017845340384,0.9506486899007887
0.9426305353602115,0.9509030780971763
0.9427627230667548,0.9514118544899517
0.9430270984798413,0.9516662426863394
0.9438202247191011,0.9516662426863394
0.944216787838731,0.9516662426863394
0.9446133509583609,0.9521750190791147
0.9450099140779907,0.9521750190791147
0.946067415730337,0.9526837954718901
0.9464639788499669,0.9529381836682778
0.9467283542630536,0.9529381836682778
0.9468605419695968,0.9529381836682778
0.9472571050892267,0.9531925718646654
0.9472571050892267,0.9537013482574409
0.9480502313284864,0.9539557364538286
0.9484467944481163,0.9539557364538286
0.9488433575677462,0.9544645128466039
0.9492399206873761,0.955227677435767
0.9495042961004626,0.95599084202493
0.9497686715135493,0.9564996184177054
0.950561797752809,0.9567540066140932
0.9508261731658956,0.9575171712032562
0.9512227362855254,0.9575171712032562
0.9518836748182419,0.9575171712032562
0.9518836748182419,0.9580259475960315
0.9520158625247852,0.9582803357924192
0.9522802379378718,0.9587891121851946
0.952808988764045,0.9590435003815823
0.9529411764705882,0.9592978885779699
0.9533377395902181,0.9592978885779699
0.9534699272967614,0.9592978885779699
0.9539986781229346,0.9595522767743576
0.9539986781229346,0.9598066649707454
0.9545274289491077,0.9598066649707454
0.954659616655651,0.9598066649707454
0.9549239920687376,0.9603154413635208
0.9553205551883674,0.9603154413635208
0.9557171183079973,0.9613329941490715
0.955981493721084,0.9613329941490715
0.955981493721084,0.9618417705418468
0.9562458691341705,0.9618417705418468
0.9570389953734303,0.9628593233273977
0.9571711830799735,0.963368099720173
0.9574355584930602,0.963368099720173
0.9575677461996034,0.9638768761129484
0.9584930601454065,0.9638768761129484
0.9591539986781229,0.9643856525057237
0.9592861863846662,0.9643856525057237
0.9596827495042961,0.9646400407021114
0.9602115003304693,0.9646400407021114
0.9607402511566424,0.9651488170948868
0.9612690019828156,0.9661663698804376
0.9612690019828156,0.9664207580768253
0.9616655651024455,0.9666751462732129
0.9623265036351619,0.9671839226659883
0.9625908790482485,0.9676926990587637
0.9625908790482485,0.9679470872551513
0.9629874421678783,0.968201475451539
0.9629874421678783,0.9684558636479267
0.9636483807005949,0.9687102518443145
0.9636483807005949,0.9689646400407022
0.9637805684071381,0.9692190282370898
0.9640449438202248,0.9692190282370898
0.9644415069398546,0.9697278046298652
0.9649702577660277,0.9702365810226405
0.9653668208856576,0.9704909692190282
0.9656311962987442,0.9707453574154159
0.9657633840052875,0.9715085220045789
0.966027759418374,0.9715085220045789
0.9661599471249174,0.9715085220045789
0.9661599471249174,0.9717629102009667
0.9662921348314607,0.9720172983973544
0.9668208856576338,0.9720172983973544
0.9670852610707205,0.9722716865937421
0.9678783873099802,0.9727804629865174
0.9682749504296101,0.9732892393792928
0.9685393258426966,0.9740524039684558
0.9689358889623265,0.9740524039684558
0.9692002643754131,0.9743067921648435
0.9694646397884996,0.9753243449503943
0.9698612029081295,0.9753243449503943
0.9703899537343027,0.9753243449503943
0.9706543291473892,0.9753243449503943
0.9707865168539326,0.9753243449503943
0.9711830799735625,0.9758331213431697
0.9713152676801058,0.9758331213431697
0.9713152676801058,0.9760875095395574
0.971447455386649,0.9765962859323327
0.971447455386649,0.9768506741287204
0.9717118307997357,0.9773594505214958
0.9721083939193655,0.9773594505214958
0.972769332452082,0.9773594505214958
0.9730337078651685,0.9773594505214958
0.9734302709847984,0.9776138387178835
0.9736946463978849,0.9781226151106589
0.9738268341044283,0.9781226151106589
0.9740912095175148,0.9788857796998219
0.9743555849306015,0.9793945560925973
0.9743555849306015,0.9799033324853726
0.974619960343688,0.9801577206817603
0.9747521480502314,0.9801577206817603
0.9751487111698612,0.9801577206817603
0.9754130865829478,0.9801577206817603
0.9760740251156642,0.9809208852709235
0.9762062128222075,0.9809208852709235
0.9764705882352941,0.9809208852709235
0.9764705882352941,0.9814296616636988
0.9766027759418374,0.9814296616636988
0.9769993390614673,0.9816840498600865
0.9769993390614673,0.9819384380564742
0.9771315267680106,0.9821928262528619
0.9775280898876404,0.9821928262528619
0.9776602775941837,0.9821928262528619
0.977792465300727,0.9824472144492495
0.9779246530072703,0.9824472144492495
0.9783212161269002,0.9829559908420249
0.9784534038334435,0.9832103790384126
0.97871777924653,0.9834647672348003
0.9788499669530734,0.9834647672348003
0.9792465300727032,0.983719155431188
0.9795109054857898,0.983719155431188
0.9796430931923331,0.9839735436275757
0.9796430931923331,0.9844823200203511
0.9796430931923331,0.9847367082167388
0.980039656311963,0.9847367082167388
0.9801718440185063,0.9849910964131264
0.9803040317250495,0.9849910964131264
0.9807005948446794,0.9849910964131264
0.9807005948446794,0.9852454846095141
0.9807005948446794,0.9857542610022895
0.9808327825512227,0.9862630373950648
0.981361533377396,0.9865174255914525
0.981361533377396,0.9867718137878403
0.9814937210839392,0.987026201984228
0.9814937210839392,0.9875349783770033
0.9817580964970257,0.9875349783770033
0.9820224719101124,0.9880437547697787
0.9822868473231989,0.9880437547697787
0.9825512227362855,0.988552531162554
0.9830799735624587,0.988552531162554
0.9833443489755452,0.988552531162554
0.9834765366820886,0.9888069193589417
0.9836087243886319,0.9888069193589417
0.9838730998017184,0.9888069193589417
0.9845340383344349,0.9888069193589417
0.9847984137475215,0.9888069193589417
0.9850627891606081,0.9890613075553294
0.9851949768671514,0.9893156957517171
0.985459352280238,0.9893156957517171
0.9857237276933245,0.9895700839481049
0.9858559153998678,0.9895700839481049
0.9861202908129544,0.9898244721444925
0.9862524785194977,0.9898244721444925
0.9865168539325843,0.9900788603408802
0.9870456047587575,0.9900788603408802
0.9871777924653007,0.9900788603408802
0.9875743555849306,0.9903332485372679
0.9877065432914739,0.9903332485372679
0.9878387309980172,0.9905876367336556
0.9882352941176471,0.9905876367336556
0.9883674818241903,0.9905876367336556
0.988631857237277,0.9905876367336556
0.9888962326503635,0.9905876367336556
0.9894249834765367,0.9905876367336556
0.9896893588896233,0.9910964131264309
0.9898215465961665,0.9916051895192063
0.9902181097157964,0.991859577715594
0.990482485128883,0.991859577715594
0.9906146728354263,0.9921139659119816
0.9908790482485129,0.9921139659119816
0.9908790482485129,0.9926227423047571
0.9908790482485129,0.9928771305011448
0.9911434236615995,0.9928771305011448
0.991407799074686,0.9933859068939201
0.9915399867812293,0.9933859068939201
0.9919365499008592,0.9933859068939201
0.9925974884335756,0.9933859068939201
0.9925974884335756,0.9938946832866955
0.9928618638466623,0.9938946832866955
0.9928618638466623,0.9941490714830832
0.9929940515532055,0.9941490714830832
0.9931262392597489,0.9944034596794709
0.9936549900859221,0.9949122360722462
0.9937871777924653,0.9951666242686339
0.9937871777924653,0.9954210124650216
0.9940515532055518,0.9954210124650216
0.9940515532055518,0.9956754006614094
0.9943159286186385,0.9956754006614094
0.9943159286186385,0.9961841770541847
0.994580304031725,0.9966929534469601
0.9951090548578982,0.9966929534469601
0.9951090548578982,0.9969473416433478
0.9953734302709848,0.9969473416433478
0.9955056179775281,0.9972017298397354
0.9962987442167879,0.9972017298397354
0.9962987442167879,0.9974561180361231
0.9965631196298744,0.9974561180361231
0.9966953073364178,0.9977105062325108
0.996827495042961,0.9977105062325108
0.996827495042961,0.9982192826252861
0.9969596827495043,0.9982192826252861
0.9972240581625909,0.9982192826252861
0.9977528089887641,0.9982192826252861
0.9977528089887641,0.999236835410837
0.9982815598149372,0.999236835410837
0.9985459352280238,0.999236835410837
0.9992068737607402,0.999236835410837
0.9992068737607402,0.9994912236072246
0.9997356245869135,0.9994912236072246
0.9997356245869135,0.9997456118036123
1.0,0.9997456118036123
1.0,1.0
